{"name":"7fac3c3c-4871-457b-b5eb-e6c2e5c62724","id":"/providers/Microsoft.Flow/flows/7fac3c3c-4871-457b-b5eb-e6c2e5c62724","type":"Microsoft.Flow/flows","properties":{"apiId":"/providers/Microsoft.PowerApps/apis/shared_logicflows","displayName":"Microsoft Teams - Set status message","definition":{"metadata":{"workflowEntityId":null,"processAdvisorMetadata":null,"flowclientsuspensionreason":"None","flowclientsuspensiontime":null,"creator":{"id":"8697ba3d-cd05-4176-8a09-50ea6a3f0e48","type":"User","tenantId":"b1a6616c-9473-4cab-82b6-b6affeed3e12"},"provisioningMethod":"FromDefinition","failureAlertSubscription":true,"clientLastModifiedTime":"2022-03-22T12:23:10.8130316Z"},"$schema":"https://schema.management.azure.com/providers/Microsoft.Logic/schemas/2016-06-01/workflowdefinition.json#","contentVersion":"1.0.0.0","parameters":{"$connections":{"defaultValue":{},"type":"Object"},"$authentication":{"defaultValue":{},"type":"SecureObject"}},"triggers":{"manual":{"metadata":{"operationMetadataId":"cde2a237-da7c-42a4-8201-3c56b181a89b"},"type":"Request","kind":"Geofence","inputs":{"parameters":{"serializedGeofence":{"type":"Circle","latitude":52.347480914101169,"longitude":4.7494000000000192,"radius":345}}},"conditions":[{"expression":"@not(Equals(dayOfWeek(utcNow()),6))"},{"expression":"@not(Equals(dayOfWeek(utcNow()),7))"}]}},"actions":{"Condition_-_Enter_trigger_region":{"actions":{"Send_an_HTTP_request_to_SharePoint_-_Set_Teams_status_message":{"runAfter":{},"metadata":{"operationMetadataId":"5d1e42f6-6604-4223-97eb-c04c31d9a1d4"},"type":"OpenApiConnection","inputs":{"host":{"apiId":"/providers/Microsoft.PowerApps/apis/shared_sharepointonline","connectionName":"shared_sharepointonline","operationId":"HttpRequest"},"parameters":{"dataset":"https://noam.presence.teams.microsoft.com","parameters/method":"PUT","parameters/uri":"/v1/me/publishnote","parameters/body":"{\n    \"message\":\"In Amsterdam<pinnednote></pinnednote>\",\n    \"expiry\":\"@{body('Convert_time_zone')}\"\n}"},"authentication":"@parameters('$authentication')"}}},"runAfter":{"Convert_time_zone":["Succeeded"]},"else":{"actions":{"Send_an_HTTP_request_to_SharePoint_-_Reset_Teams_status_message":{"runAfter":{},"metadata":{"operationMetadataId":"5d1e42f6-6604-4223-97eb-c04c31d9a1d4"},"type":"OpenApiConnection","inputs":{"host":{"apiId":"/providers/Microsoft.PowerApps/apis/shared_sharepointonline","connectionName":"shared_sharepointonline","operationId":"HttpRequest"},"parameters":{"dataset":"https://noam.presence.teams.microsoft.com","parameters/method":"PUT","parameters/uri":"/v1/me/publishnote","parameters/body":"{\n    \"message\":\"\",\n    \"expiry\":\"@{body('Convert_time_zone')}\"\n}"},"authentication":"@parameters('$authentication')"}}}},"expression":{"equals":["@triggerBody()?['transitionType']",1]},"metadata":{"operationMetadataId":"3079492c-54d0-4319-830d-4a1c9987f8ea"},"type":"If"},"Convert_time_zone":{"runAfter":{},"metadata":{"operationMetadataId":"a70b42b7-266d-46a0-9f9e-6d831df81c0d"},"type":"Expression","kind":"ConvertTimeZone","inputs":{"baseTime":"@{formatDateTime(utcNow(),'yyyy-MM-dd')} 18:00","formatString":"u","sourceTimeZone":"W. Europe Standard Time","destinationTimeZone":"UTC"}}},"outputs":{}},"connectionReferences":{"shared_sharepointonline":{"connectionName":"39e20b89de8e432cb8e53982bb32df8e","source":"Embedded","id":"/providers/Microsoft.PowerApps/apis/shared_sharepointonline","tier":"NotSpecified"}},"flowFailureAlertSubscribed":false}}